,title,url,thumbnail_url,channel,description
0,This came out Bussin! #FYP #Dpeezy2099 #Tiktok,https://www.youtube.com/shorts/ErUJLbwr8CU,https://i.ytimg.com/vi/ErUJLbwr8CU/hq2.jpg,Dpeezy 2099,
1,Grupo Firme & Maluma - Cada Quien (Official Video),https://www.youtube.com/watch?v=qz2vodkoj7I,https://i.ytimg.com/vi/qz2vodkoj7I/hqdefault.jpg?sqp=-oaymwEcCPYBEIoBSFXyq4qpAw4IARUAAIhCGAFwAcABBg==&rs=AOn4CLBLUIYzD6JbqqXAJBe0DNn2rWg2zQ,Grupo Firme,"Grupo Firme & Maluma performing - Cada Quien -. Â© 2021 Isael Gutierrez & Evert Gutierrez , Exclusive License To Music Vip Entertainment Autores: Horacio Palencia , Nathan Galante , Edgar..."
2,French Montana & Doja Cat ft. Saweetie - Handstand (Official Music Video),https://www.youtube.com/watch?v=CdcRRjC8jqQ,https://i.ytimg.com/vi/CdcRRjC8jqQ/hqdefault.jpg?sqp=-oaymwEcCPYBEIoBSFXyq4qpAw4IARUAAIhCGAFwAcABBg==&rs=AOn4CLAVWJcSLcm5moFvmTacOz0Mhmu9hA,French Montana,"French Montana & Doja Cat feat. Saweetie - Handstand (Official Music Video) ""They Got Amnesia"" available at: https://FrenchMontana.lnk.to/TheyGotAmnesia Directed by Edgar Esteves and Jon..."
3,DannyLux - Tristeza y TraiciÃ³n [Official Video],https://www.youtube.com/watch?v=7snV30SM-mk,https://i.ytimg.com/vi/7snV30SM-mk/hqdefault.jpg?sqp=-oaymwEcCPYBEIoBSFXyq4qpAw4IARUAAIhCGAFwAcABBg==&rs=AOn4CLDlRTGXp48-8wYVejCLP0s1LbNzYQ,Dannylux,SuscrÃ­bete: http://bit.ly/Dannylux DannyLux - Tristeza y TraiciÃ³n [Official Video] BTS: https://youtu.be/klrfXSjtrOU EscÃºchala el disco Love ðŸ’”: http://cinqreleas.es/love Escucha...
4,Minecraft's Funniest YouTuber Talent Show...,https://www.youtube.com/watch?v=a3ejYq70wps,,TommyInnit,"Today TommyInnit, Technoblade, Schlatt & Philza judge your favorite YouTubers in a Minecraft Talent Show. This was hilarious! Edited by Tommy + Big Man Editor Larry ( @TalentLacking ) Socials:..."
5,I Bought The First 5 Things TikTok Ads Recommended To Me,https://www.youtube.com/watch?v=ugYPoWShl6k,,Safiya Nygaard,"Check out our new merch here!! https://fiendishbehavior.com HELLO FRIENDS!! Today, I return to the land of internet hauls and social media targeted recommendations - with a deep dive into..."
6,Nam nam nam ðŸ˜… Nadir ðŸ‘‰ TikTok #shorts,https://www.youtube.com/shorts/A5-0qodYEYg,,Nadir Sailov,
7,A MESSAGE FROM NICK,https://www.youtube.com/watch?v=2JcCc7ZivXY,,Nick Cannon,
8,Quando Rondo - Shine [ Official Video],https://www.youtube.com/watch?v=eUSopVfGMxE,,Quando Rondo,Quando Rondo - Shine Stream/Download: https://quandorondo.lnk.to/Shine Subscribe for more official content from Quando Rondo: https://1633.lnk.to/QuandoRondoSubscribe Follow Quando Rondo...
9,Asking My ROOMMATE on a DATE!,https://www.youtube.com/watch?v=a5HaM6bef94,,Kelly Wakasa,asking my roommate @ur mom ashley on a first date in nyc... Ashley's video - https://www.youtube.com/watch?v=laYMhcMJl80 â˜ž INSTAGRAM - https://www.instagram.com/kellywakasa/ MERCH - https://dowha...
